{"cameraMode":{"drawMode":0,"name":"Shaded","section":"Shading Mode"},"sceneLighting":true,"audioPlay":false,"sceneViewState":{"m_AlwaysRefresh":false,"showFog":true,"showSkybox":true,"showFlares":true,"showImageEffects":true,"showParticleSystems":true,"showVisualEffectGraphs":true,"m_FxEnabled":true},"in2DMode":false,"pivot":{"x":10.022000312805176,"y":3.1029999256134035,"z":1.0260000228881837},"rotation":{"x":-0.022111253812909128,"y":0.9715073704719544,"z":-0.21348592638969422,"w":-0.10061630606651306},"size":3.118488073348999,"orthographic":false}