{"cameraMode":{"drawMode":0,"name":"Shaded","section":"Shading Mode"},"sceneLighting":true,"audioPlay":false,"sceneViewState":{"m_AlwaysRefresh":false,"showFog":true,"showSkybox":true,"showFlares":true,"showImageEffects":true,"showParticleSystems":true,"showVisualEffectGraphs":true,"m_FxEnabled":true},"in2DMode":false,"pivot":{"x":11.36390209197998,"y":2.8185272216796877,"z":0.5983982086181641},"rotation":{"x":0.03370022028684616,"y":0.9390497803688049,"z":-0.3282821476459503,"w":0.09640245884656906},"size":1.2339739799499512,"orthographic":false}